Rk,Player,M,M W-L,M W%,SPW,SPW-InP,Aces,Ace%,DFs,DF%,DF/2s,1stIn,1st%,2nd%,2%-InP,Hld%,Pts/SG,PtsL/SG,RPW,RPW-InP,vAce%,vDF%,v1st%,v2nd%,Brk%,Pts/RG,PtsW/RG,MdOppRk,MnOppRk,BPConv%,BPConv,BPChnc,BP/G,BP/S,BP/M,Bks/S,Bks/M,BPSvd%,BPSaved,BPvs,BPvs/G,BPvs/S,BPvs/M,Bkn/S,Bkn/M,DR,Points,TPW%,TBs,TB W-L,TB W%,TB/S,Sets,Set W-L,S W%,Gms,Game W-L,G W%,Time/Mt,Min/Set,Sec/Pt
1,Jannik Sinner,73,65-8,89.00%,70.50%,69.20%,471,8.90%,111,2.10%,5.60%,62.60%,78.30%,57.40%,60.80%,91.80%,6.1,1.8,39.20%,41.30%,8.90%,2.70%,31.60%,53.20%,26.00%,6.7,2.6,26,38.1,42.10%,218,518,0.62,2.6,7.1,1.1,3,75.40%,218,289,0.34,1.5,4,0.36,1,1.33,10886,54.40%,34,22-12,64.70%,17.10%,199,157-42,78.90%,1702,1009-693,59.30%,1:51,40.7,44.7
2,Novak Djokovic,61,52-9,85.20%,69.40%,68.60%,382,9.40%,129,3.20%,8.60%,63.30%,77.00%,56.30%,61.60%,87.10%,6,1.8,40.50%,42.10%,8.80%,3.50%,31.10%,56.90%,28.50%,6.6,2.7,24.5,44.5,42.40%,189,446,0.67,2.6,7.3,1.12,3.1,65.20%,165,253,0.37,1.5,4.1,0.52,1.4,1.32,8441,54.40%,27,20-7,74.10%,16.00%,169,130-39,76.90%,1346,784-562,58.20%,1:47,38.5,46.3
3,Carlos Alcaraz,68,54-14,79.40%,67.20%,67.20%,243,5.80%,119,2.80%,8.30%,65.80%,72.40%,57.20%,62.30%,85.20%,6.1,2,41.20%,41.30%,5.20%,3.50%,33.60%,54.90%,29.70%,6.8,2.8,27,47.8,39.00%,203,521,0.76,2.8,7.7,1.11,3,62.60%,169,270,0.4,1.5,4,0.55,1.5,1.26,8847,53.50%,32,19-13,59.40%,17.50%,183,136-47,74.30%,1367,785-582,57.40%,1:40,37,45.9
4,Alexander Zverev,90,68-22,75.60%,69.60%,67.40%,703,11.00%,137,2.10%,7.90%,72.90%,75.10%,54.60%,59.20%,89.60%,6.2,1.9,36.90%,37.80%,6.40%,2.50%,28.80%,50.20%,20.90%,6.5,2.4,33,47.7,35.30%,220,624,0.59,2.5,6.9,0.89,2.4,68.10%,231,339,0.33,1.4,3.8,0.44,1.2,1.21,13271,52.70%,49,27-22,55.10%,19.80%,247,166-81,67.20%,2094,1155-939,55.20%,1:57,42.5,47.4
5,Daniil Medvedev,72,53-19,73.60%,65.00%,65.80%,458,8.20%,305,5.50%,14.70%,62.80%,74.70%,48.70%,57.10%,82.60%,6.4,2.3,39.40%,40.00%,5.70%,2.80%,31.30%,53.70%,26.70%,6.6,2.6,19,31.8,43.90%,231,526,0.61,2.6,7.3,1.16,3.2,64.20%,271,422,0.49,2.1,5.9,0.76,2.1,1.13,11267,52.10%,37,24-13,64.90%,18.60%,199,132-67,66.30%,1732,946-786,54.60%,1:56,41.9,44.4
6,Hubert Hurkacz,72,52-20,72.20%,70.10%,65.60%,924,16.10%,94,1.60%,4.60%,64.40%,79.00%,53.90%,56.50%,89.70%,6.2,1.8,34.50%,35.40%,6.90%,2.50%,27.60%,47.10%,17.50%,6.5,2.3,46,69.5,39.50%,160,405,0.44,2.1,5.6,0.82,2.2,67.20%,197,293,0.32,1.5,4.1,0.49,1.3,1.15,11688,52.00%,61,35-26,57.40%,31.10%,196,127-69,64.80%,1841,992-849,53.90%,1:54,41.8,42
7,Alex De Minaur,71,50-21,70.40%,64.40%,64.30%,285,6.00%,148,3.10%,7.10%,56.00%,72.70%,53.90%,58.00%,80.00%,6.2,2.2,42.10%,42.20%,5.40%,3.70%,33.50%,55.60%,30.20%,6.7,2.8,38.5,77.2,41.60%,235,565,0.73,3.1,8,1.28,3.3,59.10%,221,374,0.49,2,5.3,0.84,2.2,1.18,9991,52.70%,20,14-6,70.00%,10.90%,183,121-62,66.10%,1542,846-696,54.90%,1:38,38.1,41.9
8,Andrey Rublev,68,44-24,64.70%,67.70%,66.40%,485,9.20%,142,2.70%,7.30%,63.10%,75.70%,54.00%,58.30%,86.70%,6.2,2,37.60%,39.30%,10.00%,3.70%,28.40%,52.90%,21.00%,6.7,2.5,42.5,54.4,35.90%,177,493,0.58,2.8,7.3,0.99,2.6,66.50%,226,340,0.4,1.9,5,0.64,1.7,1.17,10907,52.20%,34,22-Dec,35.30%,19.00%,179,107-72,59.80%,1699,918-781,54.00%,1:49,41.4,40.8
9,Casper Ruud,70,50-20,71.40%,66.40%,65.40%,350,7.50%,116,2.50%,7.10%,64.70%,73.30%,53.70%,57.80%,84.80%,6.3,2.1,37.80%,39.00%,8.00%,3.30%,30.20%,49.80%,24.50%,6.4,2.4,40,75.2,40.00%,177,443,0.61,2.4,6.3,0.97,2.5,67.10%,228,340,0.46,1.9,4.9,0.61,1.6,1.13,9253,52.10%,26,19-7,73.10%,14.20%,183,120-63,65.60%,1460,802-658,54.90%,1:39,37.8,44.8
10,Grigor Dimitrov,66,48-18,72.70%,69.40%,69.10%,463,10.00%,185,4.00%,10.80%,63.00%,78.40%,54.30%,60.80%,87.60%,6,1.8,36.90%,38.60%,9.10%,2.90%,29.20%,50.00%,20.90%,6.6,2.4,28,39.5,36.30%,158,435,0.57,2.5,6.6,0.92,2.4,65.60%,183,279,0.36,1.6,4.2,0.56,1.5,1.21,9634,52.60%,39,23-16,59.00%,22.70%,172,115-57,66.90%,1532,837-695,54.60%,1:51,42.4,45.4
11,Stefanos Tsitsipas,71,47-24,66.20%,67.80%,66.90%,430,9.30%,152,3.30%,8.50%,61.10%,76.10%,54.90%,59.90%,87.50%,6.3,2,35.00%,35.70%,7.10%,2.80%,27.00%,48.60%,20.60%,6.2,2.2,43,65.4,38.00%,147,387,0.54,2.2,5.5,0.84,2.1,70.20%,214,305,0.42,1.8,4.3,0.52,1.3,1.09,9034,51.80%,40,24-16,60.00%,23.00%,174,112-62,64.40%,1442,785-657,54.40%,1:31,37.1,42.9
12,Tommy Paul,66,45-21,68.20%,65.20%,63.90%,371,7.90%,117,2.50%,6.50%,61.40%,72.20%,54.00%,57.70%,81.90%,6.4,2.2,39.70%,40.00%,5.60%,3.20%,33.10%,50.80%,26.50%,6.6,2.6,48.5,56.4,41.70%,194,465,0.64,2.7,7,1.11,2.9,65.10%,250,384,0.52,2.2,5.8,0.77,2,1.14,9501,52.30%,21,9-Dec,57.10%,12.00%,175,112-63,64.00%,1470,799-671,54.40%,1:40,37.9,41.9
13,Taylor Fritz,67,48-19,71.60%,69.50%,66.40%,571,13.50%,91,2.20%,5.60%,61.20%,78.10%,55.90%,59.20%,87.70%,6,1.8,37.70%,37.80%,6.90%,4.00%,29.60%,51.10%,23.10%,6.5,2.4,46,67.8,40.30%,159,395,0.57,2.2,5.9,0.89,2.4,65.50%,165,252,0.36,1.4,3.8,0.49,1.3,1.23,8690,53.10%,36,23-13,63.90%,20.20%,178,120-58,67.40%,1393,777-616,55.80%,1:37,36.6,45
14,Ben Shelton,62,40-22,64.50%,68.20%,67.60%,595,11.20%,237,4.50%,13.60%,67.30%,75.60%,53.10%,61.50%,87.80%,6.3,2,33.80%,33.40%,6.00%,3.60%,26.70%,45.90%,16.30%,6.3,2.1,56,69.3,36.50%,138,378,0.45,2.1,6.1,0.78,2.2,70.20%,243,346,0.41,2,5.6,0.59,1.7,1.06,10664,51.00%,47,23-24,48.90%,26.70%,176,100-76,56.80%,1689,879-810,52.00%,2:04,43.7,43.2
15,Ugo Humbert,64,41-23,64.10%,66.50%,64.80%,391,8.10%,87,1.80%,5.00%,63.80%,73.20%,54.70%,57.50%,84.00%,6.2,2.1,37.40%,37.80%,7.10%,3.70%,28.90%,51.70%,22.00%,6.4,2.4,51,55.6,37.00%,170,459,0.59,2.7,7.2,0.99,2.7,64.80%,230,355,0.45,2.1,5.5,0.73,2,1.12,9810,51.80%,26,16-10,61.50%,15.20%,171,101-70,59.10%,1555,827-728,53.20%,1:49,40.7,42.6
16,Lorenzo Musetti,65,35-30,53.80%,63.50%,63.30%,197,4.40%,102,2.30%,6.30%,64.10%,70.40%,51.10%,54.60%,78.60%,6.5,2.4,36.50%,36.80%,6.70%,3.40%,28.40%,49.70%,20.50%,6.6,2.4,47.5,59.8,37.40%,145,388,0.55,2.3,6,0.85,2.2,58.30%,208,357,0.51,2.1,5.5,0.87,2.3,1,9137,49.80%,30,17-13,56.70%,17.50%,171,89-82,52.00%,1403,693-710,49.40%,1:42,38.9,43.7
17,Holger Rune,59,34-25,57.60%,65.60%,64.70%,367,8.70%,139,3.30%,8.70%,61.80%,72.90%,53.80%,58.90%,82.90%,6.4,2.2,34.10%,34.50%,6.90%,3.00%,26.70%,46.80%,16.40%,6.2,2.1,46.5,67,36.40%,107,294,0.45,1.9,5,0.68,1.8,66.20%,219,331,0.5,2.1,5.6,0.71,1.9,0.99,8260,50.10%,30,22-8,73.30%,19.10%,157,88-69,56.10%,1307,651-656,49.80%,1:45,39.4,45
18,Sebastian Korda,63,40-23,63.50%,67.20%,64.50%,542,11.80%,107,2.30%,6.00%,61.20%,76.10%,53.10%,56.50%,84.50%,6.2,2,36.50%,37.60%,8.80%,3.60%,27.20%,51.70%,21.30%,6.5,2.4,38.5,63.7,40.30%,158,392,0.53,2.4,6.2,0.98,2.5,60.20%,174,289,0.39,1.8,4.6,0.71,1.8,1.11,9368,51.50%,38,19-19,50.00%,23.60%,161,94-67,58.40%,1483,784-699,52.90%,1:42,40.1,41.3
19,Felix Auger Aliassime,58,34-24,58.60%,65.90%,66.00%,394,10.80%,207,5.70%,15.40%,63.30%,75.60%,49.20%,58.10%,84.00%,6.2,2.1,36.60%,37.00%,6.40%,3.10%,31.00%,46.10%,19.40%,6.5,2.4,54,59.1,37.00%,112,303,0.53,2.1,5.2,0.78,1.9,60.80%,146,240,0.41,1.7,4.1,0.65,1.6,1.07,7398,51.10%,28,15-13,53.60%,19.40%,144,81-63,56.30%,1163,605-558,52.00%,1:43,41.4,48.4
20,Sebastian Baez,65,39-26,60.00%,61.00%,61.20%,136,3.00%,99,2.20%,7.80%,71.70%,64.50%,52.20%,56.60%,76.20%,6.6,2.6,40.00%,40.90%,6.60%,3.00%,33.20%,51.20%,27.80%,6.5,2.6,62,76,42.40%,191,451,0.66,2.7,6.9,1.14,2.9,61.90%,263,425,0.62,2.5,6.5,0.96,2.5,1.03,8966,50.50%,21,13-Aug,38.10%,12.50%,168,93-75,55.40%,1370,711-659,51.90%,1:44,40.2,45.2
21,Alejandro Tabilo,42,26-16,61.90%,67.00%,65.40%,313,9.90%,89,2.80%,8.00%,65.00%,76.00%,50.10%,54.50%,86.30%,6.3,2.1,35.10%,36.10%,10.50%,4.30%,26.20%,50.10%,19.60%,6.2,2.2,59,73.7,40.20%,97,241,0.49,2.2,5.7,0.89,2.3,70.10%,162,231,0.46,2.1,5.5,0.63,1.6,1.06,6253,51.20%,19,9-Oct,52.60%,17.40%,109,63-46,57.80%,996,530-466,53.20%,1:43,39.8,41.6
22,Karen Khachanov,53,32-21,60.40%,66.50%,64.60%,371,9.60%,88,2.30%,6.30%,63.70%,75.50%,50.70%,54.10%,83.90%,6.2,2.1,36.20%,37.70%,9.90%,3.50%,27.20%,51.10%,19.90%,6.5,2.3,45,64.3,41.30%,125,303,0.48,2.2,5.7,0.93,2.4,63.30%,174,275,0.44,2,5.2,0.75,1.9,1.08,7914,51.00%,23,14-9,60.90%,17.00%,135,79-56,58.50%,1253,650-603,51.90%,1:52,44.2,45.2
23,Arthur Fils,61,34-27,55.70%,64.80%,65.10%,367,7.90%,214,4.60%,11.90%,61.40%,74.60%,49.20%,55.90%,82.50%,6.4,2.2,35.20%,35.80%,6.80%,3.00%,28.20%,47.30%,19.50%,6.2,2.2,59,74.7,41.80%,141,337,0.47,2,5.5,0.85,2.3,64.50%,233,361,0.49,2.2,5.9,0.77,2.1,1,9126,50.40%,24,19-5,79.20%,14.50%,166,92-74,55.40%,1454,743-711,51.10%,1:46,39,42.5
24,Nicolas Jarry,49,28-21,57.10%,67.50%,65.20%,422,11.10%,91,2.40%,6.70%,64.20%,76.00%,52.20%,55.90%,85.80%,6.2,2,34.70%,35.20%,7.20%,3.10%,27.50%,47.80%,17.00%,6.5,2.2,58.5,83.4,36.00%,105,292,0.47,2.3,6,0.83,2.1,66.10%,170,257,0.42,2,5.2,0.69,1.8,1.07,7785,50.80%,30,14-16,46.70%,23.60%,127,66-61,52.00%,1229,631-598,51.30%,2:03,47.3,46.3
25,Alexander Bublik,54,31-23,57.40%,63.60%,64.10%,530,14.20%,325,8.70%,21.70%,60.00%,76.70%,43.90%,56.20%,79.30%,6.5,2.3,36.60%,37.00%,6.80%,3.40%,30.50%,46.30%,20.30%,6.4,2.4,57.5,81.7,40.80%,116,284,0.5,2.1,5.3,0.87,2.1,62.30%,198,318,0.55,2.4,5.9,0.9,2.2,1.01,7411,50.20%,25,13-12,52.00%,18.80%,133,68-65,51.10%,1150,575-575,50.00%,1:32,37.2,40.1
26,Francisco Cerundolo,57,30-27,52.60%,60.90%,61.70%,154,3.80%,145,3.60%,10.70%,66.30%,66.30%,50.40%,56.40%,75.60%,6.7,2.6,37.90%,38.10%,4.30%,2.30%,31.90%,49.10%,24.50%,6.2,2.4,54,90.2,43.10%,148,343,0.57,2.3,6,0.97,2.6,60.80%,230,378,0.62,2.5,6.6,0.97,2.6,0.97,7805,49.80%,27,16-Nov,40.70%,17.80%,152,80-72,52.60%,1211,606-605,50.00%,1:42,38.4,44.9
27,Frances Tiafoe,51,26-25,51.00%,65.20%,63.50%,403,10.00%,123,3.10%,7.50%,59.30%,75.30%,50.60%,54.70%,82.90%,6.4,2.2,35.10%,37.30%,11.90%,3.70%,28.00%,47.50%,18.90%,6.4,2.2,62,77.4,38.50%,119,309,0.49,2.3,6.1,0.87,2.3,62.80%,181,288,0.46,2.1,5.6,0.78,2.1,1.01,8013,50.20%,30,14-16,46.70%,21.90%,137,69-68,50.40%,1254,636-618,50.70%,1:47,39.9,41
28,Jack Draper,51,31-20,60.80%,67.80%,66.30%,433,11.60%,133,3.60%,8.80%,59.70%,79.60%,50.50%,55.40%,86.30%,6.1,2,37.30%,38.80%,8.50%,3.00%,28.50%,51.90%,24.10%,6.4,2.4,44,67.6,44.90%,149,332,0.54,2.4,6.5,1.08,2.9,63.80%,148,232,0.38,1.7,4.5,0.61,1.6,1.16,7693,52.20%,26,15-Nov,42.30%,18.80%,138,82-56,59.40%,1233,679-554,55.10%,1:47,39.7,42.7
29,Jiri Lehecka,43,25-18,58.10%,65.50%,63.90%,295,9.50%,90,2.90%,8.20%,64.60%,73.00%,51.70%,56.40%,81.90%,6.2,2.2,35.80%,36.70%,6.70%,2.60%,29.20%,47.00%,19.70%,6.3,2.2,58.5,97.8,37.60%,97,258,0.52,2.6,6,0.97,2.3,65.40%,170,260,0.52,2.6,6,0.9,2.1,1.04,6181,50.70%,14,5-Sep,64.30%,14.00%,100,56-44,56.00%,989,503-486,50.90%,1:33,39.9,38.7
30,Jordan Thompson,54,29-25,53.70%,65.40%,63.10%,355,8.80%,59,1.50%,3.70%,60.40%,72.60%,54.40%,56.50%,82.40%,6.4,2.2,35.50%,35.60%,6.70%,3.60%,28.90%,47.10%,17.80%,6.4,2.3,64,106.9,32.20%,114,354,0.55,2.7,6.6,0.86,2.1,68.60%,243,354,0.56,2.7,6.6,0.83,2.1,1.03,8155,50.30%,23,17-6,73.90%,17.30%,133,70-63,52.60%,1270,633-637,49.80%,2:00,48.7,47.7
31,Adrian Mannarino,52,26-26,50.00%,62.70%,61.80%,260,6.70%,104,2.70%,6.90%,60.90%,69.10%,52.80%,56.70%,78.00%,6.3,2.4,36.00%,38.10%,10.50%,3.00%,27.30%,51.10%,20.60%,6.2,2.2,58,97.6,44.10%,130,295,0.47,2.2,5.7,0.96,2.5,59.60%,199,334,0.54,2.5,6.4,0.99,2.6,0.97,7821,49.30%,20,11-Sep,45.00%,14.70%,136,66-70,48.50%,1244,609-635,49.00%,1:51,42.4,44.2
32,Luciano Darderi,37,22-15,59.50%,63.00%,62.20%,184,6.60%,77,2.80%,6.70%,58.50%,70.80%,51.90%,55.60%,78.90%,6.6,2.5,38.60%,39.10%,7.60%,3.90%,30.30%,52.90%,25.30%,6.4,2.5,51.5,71.4,44.10%,104,236,0.57,2.5,6.4,1.11,2.8,63.80%,155,243,0.58,2.6,6.6,0.94,2.4,1.04,5409,51.10%,19,7-Dec,63.20%,20.20%,94,51-43,54.30%,829,434-395,52.40%,1:47,42.2,44
33,Flavio Cobolli,48,26-22,54.20%,62.50%,62.30%,264,7.40%,149,4.20%,9.20%,54.70%,73.30%,49.50%,54.50%,79.40%,6.5,2.4,36.00%,36.40%,6.70%,3.30%,28.10%,49.00%,20.90%,6.4,2.3,56.5,76.4,39.20%,116,296,0.53,2.2,6.2,0.85,2.4,64.60%,208,322,0.58,2.4,6.7,0.84,2.4,0.96,7122,49.30%,29,20-Sep,31.00%,21.30%,136,68-68,50.00%,1107,555-552,50.10%,1:54,40.3,46.2
34,Gael Monfils,47,27-20,57.40%,65.20%,64.70%,392,10.80%,186,5.10%,12.70%,59.70%,75.20%,50.40%,57.80%,82.00%,6.3,2.2,35.80%,35.10%,4.00%,3.30%,30.40%,44.80%,20.40%,6.3,2.2,47,54,39.20%,118,301,0.52,2.4,6.4,0.94,2.5,59.50%,153,257,0.44,2,5.5,0.83,2.2,1.03,7241,50.50%,22,14-8,63.60%,17.50%,126,70-56,55.60%,1157,593-564,51.30%,1:51,41.2,43.1
35,Jan Lennard Struff,53,31-22,58.50%,66.60%,65.30%,491,11.70%,178,4.20%,10.30%,58.80%,76.90%,51.80%,57.70%,84.70%,6.5,2.2,35.50%,36.80%,9.90%,3.70%,27.20%,49.00%,16.90%,6.7,2.4,42.5,65.5,31.20%,109,349,0.54,2.5,6.6,0.8,2.1,66.60%,197,296,0.46,2.2,5.6,0.72,1.9,1.06,8547,50.80%,45,26-19,57.80%,32.80%,137,78-59,56.90%,1292,656-636,50.80%,1:47,41.2,39.6
36,Mariano Navone,29,15-14,51.70%,57.20%,57.70%,37,2.00%,44,2.40%,7.90%,69.20%,61.50%,47.60%,51.70%,66.40%,6.7,2.9,42.40%,41.80%,2.70%,3.00%,36.40%,52.80%,33.50%,6.6,2.8,65,136.1,44.40%,92,207,0.75,2.8,7.1,1.26,3.2,56.70%,119,210,0.77,2.9,7.2,1.25,3.1,0.99,3638,49.80%,5,3-Feb,40.00%,6.80%,73,37-36,50.70%,546,272-274,49.80%,1:42,40.5,48.8
37,Marcos Giron,53,26-27,49.10%,64.90%,63.60%,246,6.70%,63,1.70%,4.30%,60.70%,73.30%,52.00%,54.40%,81.60%,6.2,2.2,35.80%,36.70%,8.70%,3.50%,27.60%,49.00%,20.20%,6.3,2.3,50,71.1,37.20%,121,325,0.54,2.4,6.1,0.9,2.3,59.30%,159,268,0.45,2,5.1,0.81,2.1,1.02,7491,50.20%,26,16-Oct,38.50%,19.40%,134,67-67,50.00%,1193,605-588,50.70%,1:45,41.4,44.4
38,Tomas Martin Etcheverry,56,29-27,51.80%,64.30%,62.80%,263,6.70%,60,1.50%,4.60%,67.10%,70.10%,52.60%,55.20%,81.90%,6.5,2.3,36.80%,37.30%,6.90%,3.40%,28.10%,50.20%,21.10%,6.5,2.4,65,87.3,36.90%,129,350,0.57,2.4,6.3,0.88,2.3,63.60%,192,302,0.5,2.1,5.4,0.75,2,1.03,7905,50.50%,28,18-Oct,35.70%,19.00%,147,77-70,52.40%,1219,628-591,51.50%,0.083333333,45.7,51
39,Tomas Machac,40,25-15,62.50%,64.10%,63.60%,172,6.10%,73,2.60%,7.00%,63.20%,70.90%,52.60%,56.60%,79.80%,6.3,2.3,37.90%,39.00%,7.40%,3.00%,29.90%,51.20%,24.60%,6.4,2.4,38,71.3,40.90%,110,269,0.6,2.5,6.7,1.02,2.8,59.60%,133,223,0.5,2.1,5.6,0.83,2.3,1.06,5677,50.90%,16,7-Sep,56.30%,14.80%,108,63-45,58.30%,892,465-427,52.10%,1:33,34.5,39.3
40,Tallon Griekspoor,59,31-28,52.50%,67.20%,66.30%,498,10.80%,190,4.10%,11.00%,62.70%,75.40%,53.40%,60.00%,85.10%,6.3,2.1,31.80%,33.10%,10.60%,3.30%,24.20%,45.30%,12.60%,6.3,2,45,59.2,33.60%,91,271,0.37,1.7,4.6,0.57,1.5,63.90%,193,302,0.41,1.9,5.1,0.68,1.8,0.97,9185,49.60%,49,28-21,57.10%,30.60%,160,82-78,51.20%,1454,712-742,49.00%,1:41,37.1,38.8
41,Matteo Berrettini,29,22-7,75.90%,70.70%,68.10%,264,12.20%,40,1.80%,6.10%,69.70%,78.00%,54.00%,57.50%,92.00%,6.2,1.8,35.10%,35.60%,6.20%,2.70%,28.60%,46.90%,19.50%,6.5,2.3,62,68.4,39.30%,68,173,0.5,2.5,6,0.97,2.3,77.00%,94,122,0.35,1.7,4.2,0.4,1,1.2,4424,52.60%,18,13-5,72.20%,25.70%,70,51-19,72.90%,699,390-309,55.80%,1:55,47.7,45.2
42,Alejandro Davidovich Fokina,41,19-22,46.30%,63.40%,62.40%,193,6.60%,72,2.50%,7.40%,66.50%,69.10%,51.90%,56.00%,78.50%,6.4,2.4,37.00%,38.90%,9.90%,3.30%,29.10%,50.00%,21.10%,6.5,2.4,49,85,41.70%,96,230,0.51,2.2,5.6,0.93,2.3,60.10%,146,243,0.54,2.4,5.9,0.94,2.4,1.01,5861,50.10%,20,13-Jul,35.00%,19.40%,103,51-52,49.50%,906,451-455,49.80%,1:37,38.7,40.8
43,Nuno Borges,46,22-24,47.80%,63.30%,62.50%,230,7.00%,96,2.90%,8.30%,64.90%,70.70%,49.50%,54.00%,76.20%,6.4,2.4,36.50%,37.10%,7.30%,3.30%,28.70%,50.20%,19.60%,6.7,2.4,77,96.2,37.50%,101,269,0.52,2.4,5.8,0.89,2.2,58.10%,169,291,0.57,2.6,6.3,1.07,2.7,0.99,6747,49.60%,30,16-14,53.30%,26.30%,114,53-61,46.50%,1028,491-537,47.80%,1:44,41.9,42.5
44,Zhizhen Zhang,52,27-25,51.90%,65.30%,63.70%,360,9.40%,110,2.90%,7.70%,62.70%,73.50%,51.30%,55.60%,82.90%,6.3,2.2,34.50%,36.00%,10.60%,3.60%,25.50%,49.10%,19.10%,6.2,2.1,48.5,99.2,40.80%,117,287,0.47,2.1,5.5,0.84,2.3,60.80%,161,265,0.44,1.9,5.1,0.74,2,0.99,7618,50.00%,28,16-Dec,42.90%,20.00%,140,70-70,50.00%,1220,620-600,50.80%,1:45,38.9,42.8
45,Pedro Martinez,28,15-13,53.60%,59.20%,61.50%,38,1.90%,99,4.90%,15.90%,69.50%,64.60%,47.00%,55.90%,72.10%,6.8,2.8,40.00%,41.30%,7.90%,3.40%,31.40%,53.50%,25.80%,6.7,2.7,53.5,78.6,37.40%,77,206,0.69,2.8,7.4,1.05,2.8,59.20%,122,206,0.68,2.8,7.4,1.15,3,0.98,4026,49.70%,10,3-Jul,70.00%,13.70%,73,36-37,49.30%,600,294-306,49.00%,1:57,45,48.9
46,Matteo Arnaldi,54,30-24,55.60%,62.50%,61.70%,340,8.10%,159,3.80%,9.10%,57.90%,70.80%,51.10%,56.20%,79.10%,6.7,2.5,36.40%,36.70%,5.60%,2.80%,28.50%,49.70%,20.60%,6.5,2.4,50,61,38.70%,127,328,0.53,2.3,6.1,0.88,2.4,62.00%,214,345,0.55,2.4,6.4,0.9,2.4,0.97,8200,49.70%,32,18-14,56.30%,22.10%,145,79-66,54.50%,1244,622-622,50.00%,1:46,39.4,41.8
47,Cameron Norrie,46,21-25,45.70%,64.30%,63.90%,229,6.20%,107,2.90%,8.00%,64.10%,71.30%,51.90%,56.40%,81.20%,6.4,2.3,35.90%,38.20%,11.30%,3.30%,28.20%,49.40%,21.30%,6.4,2.3,63,77.6,40.70%,122,300,0.52,2.4,6.5,0.99,2.7,64.80%,201,310,0.53,2.5,6.7,0.89,2.4,1.01,7358,50.20%,28,20-Aug,28.60%,22.80%,123,59-64,48.00%,1154,593-561,51.40%,1:55,43,43.1
48,Giovanni Mpetshi Perricard,17,6-Nov,64.70%,70.20%,67.10%,282,20.30%,73,5.30%,16.30%,67.80%,78.80%,52.10%,62.30%,87.70%,6.1,1.8,30.90%,31.00%,7.40%,3.10%,25.20%,42.30%,13.80%,6.2,1.9,57,62.6,41.10%,30,73,0.33,1.5,4.3,0.61,1.8,70.80%,68,96,0.42,2,5.6,0.57,1.6,1.04,2736,50.90%,13,4-Sep,69.20%,26.50%,49,29-20,59.20%,446,230-216,51.60%,1:40,34.7,37.3
49,Fabian Marozsan,49,24-25,49.00%,62.80%,62.20%,217,6.10%,97,2.70%,7.90%,65.30%,69.80%,49.60%,53.80%,77.40%,6.4,2.4,37.00%,38.90%,10.20%,3.40%,27.80%,52.70%,21.80%,6.5,2.4,46.5,48.5,38.30%,120,313,0.57,2.5,6.4,0.95,2.4,58.80%,180,306,0.55,2.4,6.2,1,2.6,1,7103,49.90%,22,13-9,59.10%,17.50%,126,62-64,49.20%,1109,552-557,49.80%,1:37,37.5,39.9
50,Miomir Kecmanovic,54,25-29,46.30%,64.40%,63.90%,210,5.30%,86,2.20%,5.80%,62.30%,70.50%,54.30%,57.60%,80.10%,6.3,2.2,36.30%,37.50%,8.30%,3.10%,27.90%,50.40%,20.70%,6.6,2.4,60,76.8,37.10%,130,350,0.56,2.5,6.5,0.92,2.4,60.70%,193,318,0.51,2.2,5.9,0.88,2.3,1.02,8089,50.10%,32,21-Nov,34.40%,22.50%,142,68-74,47.90%,1257,634-623,50.40%,1:50,41.7,43.9
,,,,,,,,,,,,,,,,,,,,,,,,,,,,,,,,,,,,,,,,,,,,,,,,,,,,,,,,,,,,,
51,Yoshihito Nishioka,42,23-19,54.80%,62.90%,62.90%,74,2.50%,43,1.50%,4.00%,63.20%,68.10%,54.10%,56.40%,78.00%,6.4,2.4,34.60%,37.50%,13.90%,3.70%,24.50%,50.50%,18.70%,6.3,2.2,55.5,73.5,39.10%,86,220,0.48,2,5.2,0.8,2,59.20%,145,245,0.54,2.3,5.8,0.93,2.4,0.93,5794,48.90%,17,6-Nov,64.70%,15.70%,108,54-54,50.00%,914,441-473,48.20%,1:52,43.4,48.5
52,Brandon Nakashima,35,17-18,48.60%,67.80%,65.40%,255,10.50%,43,1.80%,5.00%,64.90%,74.50%,55.60%,58.50%,87.00%,6.2,2,34.70%,35.10%,8.80%,4.10%,26.90%,47.40%,17.10%,6.5,2.3,48.5,60.3,33.70%,66,196,0.51,2.3,5.6,0.76,1.9,65.50%,97,148,0.38,1.7,4.2,0.59,1.5,1.08,4944,51.00%,22,12-Oct,45.50%,25.30%,87,44-43,50.60%,777,406-371,52.30%,1:44,41.8,44.1
53,Dusan Lajovic,47,23-24,48.90%,62.50%,62.00%,118,3.50%,48,1.40%,4.90%,70.90%,68.20%,48.40%,50.90%,78.80%,6.5,2.4,35.70%,36.20%,7.50%,3.40%,27.50%,49.50%,21.10%,6.3,2.2,46,75.4,39.50%,111,281,0.53,2.3,6,0.91,2.4,60.20%,168,279,0.53,2.3,5.9,0.91,2.4,0.95,6672,49.20%,17,9-Aug,47.10%,13.90%,122,60-62,49.20%,1050,523-527,49.80%,1:39,38,41.7
54,Roberto Carballes Baena,44,20-24,45.50%,62.50%,62.90%,99,3.10%,79,2.50%,7.10%,65.10%,67.30%,53.40%,57.50%,76.00%,6.5,2.4,37.40%,37.40%,6.70%,4.00%,29.40%,50.10%,20.60%,6.6,2.5,67.5,91.9,35.80%,102,285,0.58,2.6,6.5,0.92,2.3,58.30%,165,283,0.58,2.5,6.4,1.06,2.7,1,6422,49.80%,17,9-Aug,47.10%,15.30%,111,49-62,44.10%,986,475-511,48.20%,1:57,46.5,48.3
55,Alex Michelsen,46,21-25,45.70%,63.50%,63.40%,192,5.20%,108,2.90%,9.20%,68.30%,68.40%,52.80%,58.20%,79.30%,6.4,2.4,36.30%,38.10%,10.70%,3.70%,27.10%,50.70%,21.40%,6.3,2.3,66.5,112.2,39.20%,121,309,0.55,2.5,6.7,0.96,2.6,61.60%,191,310,0.54,2.5,6.7,0.94,2.6,0.99,7289,50.10%,31,16-15,51.60%,24.60%,126,63-63,50.00%,1139,576-563,50.60%,1:55,42.1,43.7
56,Sebastian Ofner,56,25-31,44.60%,64.10%,62.10%,430,10.40%,126,3.10%,7.10%,57.00%,75.10%,49.70%,53.50%,79.10%,6.4,2.3,34.60%,35.00%,7.00%,3.20%,26.60%,48.30%,17.40%,6.3,2.2,65.5,121,40.40%,112,277,0.43,1.8,4.9,0.74,2,61.80%,217,351,0.55,2.3,6.3,0.89,2.4,0.97,8159,49.50%,34,16-18,47.10%,22.50%,151,69-82,45.70%,1284,619-665,48.20%,1:41,37.6,41.8
57,Lorenzo Sonego,51,23-28,45.10%,65.90%,64.40%,307,8.30%,82,2.20%,6.60%,66.50%,72.40%,53.10%,56.80%,82.80%,6.3,2.1,32.70%,32.00%,4.10%,2.90%,26.80%,43.00%,14.20%,6.2,2,47,87.2,34.40%,84,244,0.41,1.8,4.8,0.64,1.6,62.60%,171,273,0.46,2.1,5.4,0.77,2,0.96,7403,49.40%,23,11-Dec,52.20%,17.40%,132,60-72,45.50%,1186,575-611,48.50%,1:51,42.9,45.9
58,Alexander Shevchenko,52,23-29,44.20%,61.70%,60.80%,266,6.70%,115,2.90%,7.30%,60.50%,70.00%,49.00%,52.80%,76.10%,6.5,2.5,34.80%,36.20%,8.40%,2.60%,26.30%,48.90%,17.50%,6.2,2.2,56,76.5,39.30%,108,275,0.44,2,5.3,0.78,2.1,57.90%,201,347,0.57,2.5,6.7,1.06,2.8,0.91,7829,48.50%,22,14-8,63.60%,15.90%,138,62-76,44.90%,1230,574-656,46.70%,1:42,38.4,40.7
59,Max Purcell,47,19-28,40.40%,63.80%,61.80%,360,11.10%,121,3.70%,8.90%,57.80%,74.10%,49.60%,54.40%,79.20%,6.4,2.3,33.10%,34.40%,10.60%,3.60%,25.10%,47.20%,15.40%,6.2,2,62,93.4,36.30%,78,215,0.42,1.8,4.6,0.66,1.7,61.30%,166,271,0.54,2.3,5.8,0.88,2.2,0.91,6351,48.70%,21,13-Aug,38.10%,17.60%,119,50-69,42.00%,1011,477-534,47.20%,1:43,40.6,45.7
60,Hugo Gaston,25,13-Dec,48.00%,59.20%,59.50%,71,3.40%,58,2.70%,6.30%,56.20%,64.80%,52.20%,55.60%,70.00%,6.8,2.8,38.00%,39.60%,8.60%,3.00%,31.20%,49.60%,23.10%,6.6,2.5,77,75.8,36.50%,72,197,0.63,2.9,7.9,1.04,2.9,58.80%,134,228,0.73,3.3,9.1,1.36,3.8,0.93,4179,48.70%,15,4-Nov,73.30%,21.70%,69,32-37,46.40%,625,291-334,46.60%,1:56,42.2,41.8
61,Facundo Diaz Acosta,32,16-16,50.00%,61.20%,62.60%,80,3.30%,103,4.20%,11.80%,64.50%,66.50%,51.50%,58.40%,76.40%,6.4,2.5,38.50%,37.60%,4.10%,3.90%,31.60%,50.40%,24.90%,6.4,2.5,68,84.2,40.00%,94,235,0.62,2.9,7.3,1.16,2.9,60.70%,139,229,0.6,2.8,7.2,1.11,2.8,0.99,4858,50.00%,12,8-Apr,33.30%,14.80%,81,39-42,48.10%,758,385-373,50.80%,2:02,48.1,48.2
62,Alexei Popyrin,42,19-23,45.20%,65.90%,63.90%,372,11.30%,108,3.30%,9.50%,65.50%,73.70%,51.00%,56.30%,84.30%,6.5,2.2,33.60%,34.40%,9.00%,3.40%,26.30%,45.60%,16.10%,6.3,2.1,52,68.5,34.60%,83,240,0.47,2.1,5.7,0.73,2,66.90%,162,242,0.47,2.1,5.8,0.7,1.9,0.98,6574,49.80%,23,15-Aug,34.80%,20.20%,114,54-60,47.40%,1025,513-512,50.00%,1:49,40,41.6
63,Pavel Kotov,45,23-22,51.10%,63.30%,63.80%,149,4.50%,112,3.40%,10.20%,66.90%,69.70%,50.40%,56.10%,81.00%,6.5,2.4,36.10%,36.10%,5.70%,3.20%,28.40%,48.90%,21.40%,6.3,2.3,55,93.2,44.00%,110,250,0.49,2.1,5.6,0.94,2.4,64.20%,174,271,0.53,2.3,6,0.83,2.2,0.98,6550,49.90%,22,12-Oct,45.50%,18.80%,117,59-58,50.40%,1023,523-500,51.10%,1:53,43.5,46.6
64,Jakub Mensik,32,19-13,59.40%,63.60%,62.20%,265,10.70%,104,4.20%,10.00%,58.20%,73.60%,49.70%,55.20%,80.90%,6.6,2.4,34.80%,35.90%,9.10%,3.30%,25.90%,50.40%,18.70%,6.1,2.1,44,75.2,44.90%,70,156,0.42,1.9,4.9,0.83,2.2,65.20%,135,207,0.55,2.5,6.5,0.86,2.3,0.95,4765,49.80%,15,4-Nov,73.30%,17.90%,84,47-37,56.00%,751,375-376,49.90%,1:47,40.7,43
65,Arthur Rinderknech,37,17-20,45.90%,66.70%,63.60%,401,14.40%,91,3.30%,9.00%,63.60%,77.60%,47.80%,52.50%,84.50%,6.3,2.1,32.40%,32.80%,7.40%,3.00%,25.50%,42.50%,13.90%,6.3,2,68,91.8,33.20%,61,184,0.42,1.9,5,0.64,1.6,64.40%,123,191,0.44,2,5.2,0.72,1.8,0.97,5525,49.60%,24,13-11,54.20%,25.30%,95,45-50,47.40%,877,431-446,49.10%,1:54,44.4,45.8
66,Roman Safiullin,45,20-25,44.40%,65.10%,64.70%,281,8.40%,134,4.00%,10.30%,61.10%,74.10%,51.00%,56.80%,81.80%,6.3,2.2,36.00%,36.60%,7.80%,3.60%,27.80%,50.10%,20.40%,6.4,2.3,34,41.5,39.60%,107,270,0.51,2.3,6,0.89,2.4,66.80%,193,289,0.55,2.4,6.4,0.8,2.1,1.03,6699,50.60%,18,11-Jul,38.90%,15.00%,120,60-60,50.00%,1053,539-514,51.20%,1:50,41.3,44.4
67,Corentin Moutet,25,14-Nov,44.00%,59.80%,60.20%,30,1.90%,29,1.90%,5.50%,65.80%,65.40%,49.00%,51.90%,71.10%,6.8,2.7,37.70%,36.60%,3.20%,3.50%,33.60%,45.70%,23.00%,6.6,2.5,49,82.2,37.60%,53,141,0.61,2,5.6,0.77,2.1,60.20%,100,166,0.73,2.4,6.6,0.96,2.6,0.94,3056,48.80%,9,5-Apr,44.40%,13.00%,69,31-38,44.90%,458,215-243,46.90%,1:43,37.1,50.3
68,Thiago Seyboth Wild,40,17-23,42.50%,61.30%,61.10%,193,6.90%,115,4.10%,11.10%,62.90%,69.30%,47.70%,53.70%,76.70%,6.7,2.6,34.90%,35.10%,7.70%,3.80%,26.90%,48.30%,19.10%,6.2,2.2,46.5,88.5,38.30%,79,206,0.5,2.1,5.2,0.79,2,64.20%,174,271,0.65,2.7,6.8,0.97,2.4,0.9,5370,48.60%,14,9-May,35.70%,14.00%,100,45-55,45.00%,830,398-432,48.00%,1:45,42.1,47
69,Fabio Fognini,24,14-10,58.30%,60.20%,62.20%,98,5.30%,119,6.40%,14.80%,56.80%,71.10%,45.90%,53.90%,75.40%,6.8,2.7,37.80%,38.50%,7.20%,3.40%,31.40%,48.90%,24.20%,6.5,2.5,71.5,78.1,44.20%,68,154,0.55,2.4,6.4,1.08,2.8,61.10%,107,175,0.63,2.8,7.3,1.08,2.8,0.95,3703,49.10%,12,4-Aug,66.70%,19.00%,63,34-29,54.00%,557,276-281,49.60%,1:52,42.7,43.6
70,Emil Ruusuvuori,38,21-17,55.30%,64.80%,64.80%,182,6.10%,95,3.20%,8.60%,62.90%,70.90%,54.70%,59.80%,80.70%,6.5,2.3,37.00%,39.10%,10.50%,3.30%,28.60%,50.80%,20.60%,6.6,2.4,50,69.9,39.60%,93,235,0.52,2.4,6.2,0.94,2.4,59.80%,131,219,0.48,2.2,5.8,0.89,2.3,1.05,5962,51.00%,26,17-9,65.40%,26.30%,99,53-46,53.50%,908,462-446,50.90%,1:46,40.8,40.7
71,Sumit Nagal,18,11-Jul,38.90%,61.20%,61.50%,26,2.10%,22,1.80%,5.70%,68.50%,63.80%,55.70%,59.10%,74.60%,6.6,2.6,36.40%,35.80%,6.10%,4.40%,28.30%,50.70%,20.30%,6.5,2.4,56.5,141.2,33.60%,38,113,0.6,2.3,6.3,0.78,2.1,65.40%,89,136,0.74,2.8,7.6,0.96,2.6,0.94,2428,48.90%,4,2-Feb,50.00%,8.20%,49,21-28,42.90%,372,176-196,47.30%,1:43,38,46
72,Roberto Bautista Agut,36,17-19,47.20%,62.60%,62.60%,103,3.70%,61,2.20%,7.20%,69.50%,67.30%,51.90%,55.90%,78.20%,6.4,2.4,36.80%,39.90%,12.80%,3.40%,27.30%,52.90%,20.60%,6.4,2.4,59,69.4,40.90%,88,215,0.5,2.3,6,0.96,2.4,59.50%,138,232,0.54,2.5,6.4,1.02,2.6,0.99,5505,49.80%,15,5-Oct,66.70%,16.30%,92,44-48,47.80%,858,425-433,49.50%,1:55,45,45.1
73,Federico Coria,21,13-Aug,38.10%,57.60%,57.60%,55,3.80%,40,2.80%,8.20%,66.20%,63.80%,45.40%,49.40%,65.80%,6.3,2.7,40.50%,40.40%,3.90%,2.90%,33.50%,51.80%,28.50%,6.4,2.6,77,75,43.30%,65,150,0.66,2.8,7.1,1.23,3.1,53.00%,88,166,0.73,3.1,7.9,1.47,3.7,0.95,2907,49.00%,4,3-Jan,25.00%,7.50%,53,21-32,39.60%,456,215-241,47.10%,1:49,43.1,47.2
74,Rinky Hijikata,37,15-22,40.50%,60.10%,60.30%,157,5.40%,113,3.90%,9.30%,58.00%,69.50%,47.20%,52.00%,73.70%,6.6,2.6,37.70%,39.00%,8.90%,3.50%,28.70%,51.60%,21.70%,6.6,2.5,48,63.1,33.60%,96,286,0.65,3,7.7,1,2.6,60.90%,179,294,0.67,3.1,7.9,1.2,3.1,0.95,5800,48.90%,16,6-Oct,62.50%,16.70%,96,40-56,41.70%,881,419-462,47.60%,1:55,44.4,44.1
75,Botic Van De Zandschulp,46,20-26,43.50%,62.10%,61.70%,273,7.90%,149,4.30%,11.50%,62.70%,70.90%,47.30%,53.40%,75.80%,6.5,2.5,37.20%,37.30%,5.80%,3.20%,29.30%,49.90%,20.40%,6.5,2.4,49.5,79,36.70%,110,300,0.56,2.7,6.5,0.97,2.4,61.50%,206,335,0.63,3,7.3,1.14,2.8,0.98,6967,49.60%,22,14-Aug,36.40%,19.50%,113,46-67,40.70%,1071,514-557,48.00%,1:43,42.1,40.9
76,Thiago Monteiro,21,13-8,61.90%,68.50%,68.20%,81,6.70%,33,2.70%,7.70%,64.50%,75.10%,56.50%,61.20%,85.90%,6.1,1.9,35.90%,37.30%,9.30%,3.20%,28.00%,48.50%,21.80%,6.1,2.2,47,67.7,43.90%,43,98,0.5,2,4.7,0.86,2,64.10%,50,78,0.39,1.6,3.7,0.56,1.3,1.14,2422,52.20%,8,4-Apr,50.00%,16.00%,50,28-22,56.00%,396,214-182,54.00%,1:31,38.2,47.3
77,Alexandre Muller,33,13-20,39.40%,60.90%,60.70%,110,4.70%,61,2.60%,7.10%,63.60%,67.50%,49.40%,53.20%,73.60%,6.5,2.5,37.40%,38.30%,8.50%,3.80%,28.40%,51.00%,21.40%,6.6,2.5,57,96.5,37.30%,79,212,0.57,2.7,6.4,0.99,2.4,53.60%,111,207,0.57,2.6,6.3,1.2,2.9,0.96,4800,49.00%,18,8-Oct,55.60%,22.50%,80,34-46,42.50%,733,347-386,47.30%,1:46,43.9,43.9
78,Juncheng Shang,30,15-15,50.00%,63.10%,63.30%,109,4.70%,73,3.10%,8.00%,61.10%,68.90%,53.90%,58.60%,77.70%,6.6,2.4,35.30%,37.20%,9.50%,2.70%,27.70%,48.50%,18.80%,6.3,2.2,41.5,71.1,32.20%,68,211,0.58,2.6,7,0.83,2.3,61.10%,124,203,0.57,2.5,6.8,0.96,2.6,0.96,4624,49.40%,18,6-Dec,66.70%,22.00%,82,43-39,52.40%,716,344-372,48.00%,2:10,47.7,50.8
79,Aleksandar Kovacevic,27,18-Sep,33.30%,65.80%,64.50%,244,11.00%,89,4.00%,10.00%,59.90%,76.50%,49.80%,55.40%,83.80%,6.4,2.2,31.50%,33.30%,11.70%,3.10%,25.10%,42.10%,12.00%,6.3,2,60,88.4,30.20%,42,139,0.4,1.9,5.1,0.58,1.6,66.50%,111,167,0.48,2.3,6.2,0.78,2.1,0.92,4418,48.70%,19,13-Jun,31.60%,26.40%,72,26-46,36.10%,696,332-364,47.70%,2:01,45.4,44.4
80,James Duckworth,18,10-Aug,44.40%,67.30%,65.10%,165,10.60%,36,2.30%,6.00%,61.50%,74.30%,56.00%,59.60%,87.70%,6.6,2.2,29.60%,33.00%,17.00%,3.40%,19.30%,47.50%,9.40%,6.2,1.8,53,93.4,28.60%,22,77,0.33,1.7,4.3,0.48,1.2,71.80%,74,103,0.44,2.2,5.7,0.63,1.6,0.91,3005,49.10%,15,6-Sep,60.00%,32.60%,46,21-25,45.70%,469,229-240,48.80%,1:53,44,40.4
81,Thanasi Kokkinakis,27,16-Nov,40.70%,66.20%,63.60%,273,12.70%,71,3.30%,9.30%,64.30%,75.00%,50.30%,55.40%,84.90%,6.5,2.2,31.70%,33.00%,9.10%,2.60%,22.60%,46.90%,11.10%,6.4,2,52,69.4,27.00%,37,137,0.41,1.7,5.1,0.45,1.4,66.20%,98,148,0.45,1.8,5.5,0.61,1.9,0.94,4279,49.00%,19,8-Nov,57.90%,23.20%,82,37-45,45.10%,666,319-347,47.90%,1:56,38.1,43.8
82,Dominik Koepfer,38,18-20,47.40%,63.20%,63.50%,161,6.20%,104,4.00%,10.50%,61.60%,69.30%,53.40%,59.60%,79.50%,6.5,2.4,35.90%,37.00%,7.60%,2.80%,28.20%,49.40%,19.90%,6.5,2.3,36,65.5,34.50%,80,232,0.58,2.4,6.1,0.84,2.1,63.90%,145,227,0.57,2.4,6,0.86,2.2,0.98,5223,49.40%,23,13-Oct,43.50%,24.20%,95,43-52,45.30%,803,398-405,49.60%,1:39,39.5,43.1
83,Aleksandar Vukic,42,16-26,38.10%,61.80%,59.50%,279,9.10%,68,2.20%,5.40%,59.20%,70.80%,48.80%,51.70%,75.00%,6.7,2.5,34.50%,35.20%,9.50%,4.00%,25.30%,49.00%,16.80%,6.4,2.2,60.5,86.1,37.90%,77,203,0.44,1.9,4.8,0.72,1.8,60.20%,174,289,0.63,2.7,6.9,1.07,2.7,0.9,5979,48.50%,27,16-11,59.30%,25.20%,107,45-62,42.10%,918,422-496,46.00%,1:51,43.5,46.7
84,Marton Fucsovics,36,17-19,47.20%,63.80%,63.60%,156,5.70%,81,2.90%,7.40%,60.40%,70.00%,54.40%,58.70%,80.40%,6.5,2.3,36.30%,35.60%,4.80%,3.80%,28.50%,49.20%,20.90%,6.2,2.3,51.5,64.3,44.30%,90,203,0.47,2.1,5.6,0.95,2.5,64.50%,151,234,0.55,2.5,6.5,0.87,2.3,1,5423,50.30%,14,7-Jul,50.00%,14.70%,95,47-48,49.50%,855,431-424,50.40%,1:59,44.9,47.2
85,Zizou Bergs,17,11-Jun,35.30%,65.40%,64.30%,97,8.80%,35,3.20%,8.50%,62.70%,73.90%,51.20%,56.00%,81.30%,6.2,2.2,34.50%,33.80%,6.10%,4.20%,26.20%,48.10%,12.40%,6.5,2.2,54.5,131,26.20%,22,84,0.47,1.6,4.9,0.43,1.3,66.70%,66,99,0.56,1.9,5.8,0.65,1.9,1,2243,49.70%,9,4-May,55.60%,17.60%,51,23-28,45.10%,353,165-188,46.70%,1:45,34.9,47.6
86,Adam Walton,11,8-Mar,27.30%,65.80%,65.30%,49,6.50%,20,2.60%,7.60%,65.30%,73.10%,52.10%,56.40%,81.10%,6.2,2.1,32.70%,35.00%,11.70%,2.80%,25.70%,45.80%,14.30%,6.3,2.1,69,95.2,31.60%,18,57,0.45,2,5.2,0.64,1.6,62.30%,38,61,0.5,2.2,5.5,0.82,2.1,0.96,1550,48.90%,6,5-Jan,16.70%,21.40%,28,19-Sep,32.10%,248,117-131,47.20%,1:46,41.7,45.2
87,Taro Daniel,31,22-Sep,29.00%,60.40%,59.90%,126,5.80%,68,3.10%,7.60%,59.00%,67.60%,50.00%,54.10%,73.90%,6.5,2.6,34.80%,36.30%,9.60%,3.20%,26.40%,47.70%,17.30%,6.4,2.2,47,61.9,37.20%,58,156,0.47,2.1,5,0.76,1.9,59.20%,126,213,0.64,2.8,6.9,1.14,2.8,0.88,4335,47.60%,12,9-Mar,25.00%,15.80%,76,24-52,31.60%,668,304-364,45.50%,1:45,42.8,45
88,Christopher Oconnell,34,14-20,41.20%,62.60%,60.10%,284,9.90%,69,2.40%,6.10%,60.50%,72.80%,47.00%,50.10%,78.60%,6.8,2.5,33.10%,34.50%,11.00%,3.60%,25.40%,45.60%,14.50%,6.2,2.1,44.5,62.5,34.40%,62,180,0.42,2.1,5.3,0.72,1.8,64.60%,164,254,0.6,3,7.5,1.05,2.6,0.89,5519,48.40%,20,15-5,75.00%,23.30%,86,39-47,45.30%,848,393-455,46.30%,2:01,48,44.9
89,Daniel Altmaier,38,13-25,34.20%,61.40%,60.80%,180,6.20%,89,3.10%,8.40%,63.50%,68.40%,49.10%,53.70%,76.70%,6.6,2.6,35.20%,34.60%,5.50%,3.90%,27.90%,46.50%,18.90%,6.3,2.2,52,80.3,39.50%,83,210,0.48,2.1,5.5,0.82,2.2,60.80%,158,260,0.59,2.6,6.8,1.01,2.7,0.91,5672,48.60%,25,13-12,52.00%,24.80%,101,41-60,40.60%,876,419-457,47.80%,1:56,43.7,46.7
90,Constant Lestienne,17,13-Apr,23.50%,57.70%,56.90%,88,6.30%,49,3.50%,8.50%,58.90%,67.10%,44.20%,48.30%,67.80%,6.9,2.9,37.30%,38.50%,9.00%,3.80%,29.80%,50.00%,23.10%,6.4,2.4,69,143.2,42.60%,46,108,0.54,2.3,6.4,1,2.7,56.40%,84,149,0.74,3.2,8.8,1.41,3.8,0.88,2674,47.90%,7,6-Jan,14.30%,15.20%,46,14-32,30.40%,401,183-218,45.60%,1:54,42.2,43.6
91,Camilo Ugo Carabelli,7,5-Feb,28.60%,53.70%,54.30%,17,3.00%,21,3.70%,9.50%,61.40%,64.00%,37.30%,41.20%,60.50%,7.5,3.5,40.00%,39.10%,3.80%,4.00%,30.50%,53.20%,28.90%,5.9,2.4,93,117.3,61.10%,22,36,0.47,2.4,5.1,1.47,3.1,67.70%,63,93,1.22,6.2,13.3,2,4.3,0.86,1022,47.70%,2,1-Jan,50.00%,13.30%,15,10-May,33.30%,152,68-84,44.70%,1:53,52.5,46.3
92,Jaume Munar,34,13-21,38.20%,61.30%,62.00%,113,5.00%,97,4.30%,12.60%,65.80%,68.20%,47.80%,54.80%,74.20%,6.3,2.4,40.70%,40.90%,4.50%,2.80%,34.30%,51.50%,26.50%,6.8,2.7,63.5,89.6,36.40%,95,261,0.73,3.1,7.7,1.12,2.8,58.60%,130,222,0.62,2.6,6.5,1.08,2.7,1.05,4666,50.60%,4,3-Jan,25.00%,4.70%,85,38-47,44.70%,715,359-356,50.20%,1:47,42.7,46.7
93,Mackenzie Mcdonald,32,13-19,40.60%,62.20%,61.90%,135,5.50%,69,2.80%,8.10%,65.20%,68.90%,49.80%,54.20%,77.00%,6.3,2.4,38.00%,38.10%,8.00%,4.90%,28.90%,52.20%,23.30%,6.4,2.4,65.5,107,43.80%,91,208,0.53,2.4,6.5,1.06,2.8,57.60%,121,210,0.54,2.4,6.6,1.03,2.8,1.01,4934,50.00%,14,11-Mar,21.40%,16.30%,86,38-48,44.20%,778,389-389,50.00%,1:46,39.6,41.4
94,Borna Coric,29,17-Dec,41.40%,64.00%,62.80%,173,7.70%,60,2.70%,6.90%,60.90%,71.80%,51.70%,55.50%,81.10%,6.6,2.4,35.60%,36.10%,8.70%,4.20%,27.10%,48.60%,17.60%,6.5,2.3,38,57,35.70%,60,168,0.49,2.3,5.8,0.82,2.1,67.20%,131,195,0.58,2.7,6.7,0.88,2.2,0.99,4461,49.80%,19,12-Jul,36.80%,26.00%,73,32-41,43.80%,678,334-344,49.30%,1:59,47.4,46.5
95,Luca Nardi,17,12-May,29.40%,61.70%,62.50%,54,4.30%,48,3.80%,11.20%,66.00%,69.30%,47.00%,52.90%,76.20%,6.5,2.5,33.80%,33.20%,5.40%,3.50%,23.10%,50.90%,14.60%,6.2,2.1,67,64.6,37.80%,28,74,0.39,1.5,4.4,0.58,1.6,62.60%,77,123,0.64,2.6,7.2,0.96,2.7,0.88,2460,48.10%,8,5-Mar,37.50%,16.70%,48,16-32,33.30%,385,175-210,45.50%,1:47,37.8,44.3
96,David Goffin,19,13-Jun,31.60%,58.60%,57.80%,87,6.70%,44,3.40%,8.30%,59.30%,67.10%,46.20%,50.40%,69.20%,6.5,2.7,37.70%,39.00%,7.60%,2.60%,31.10%,48.40%,23.70%,6.2,2.3,66,82.8,40.80%,49,120,0.58,2.4,6.3,0.96,2.6,55.10%,76,138,0.69,2.7,7.3,1.22,3.3,0.91,2588,48.30%,5,0-5,0.00%,9.80%,51,18-33,35.30%,408,188-220,46.10%,1:36,35.8,42.4
97,Thiago Agustin Tirante,11,5-Jun,54.50%,63.70%,64.20%,35,4.60%,25,3.30%,9.80%,66.40%,71.20%,48.80%,54.10%,78.50%,6.3,2.3,34.80%,33.60%,4.10%,3.90%,30.80%,42.20%,17.50%,6.4,2.2,95,107.7,33.90%,21,62,0.52,2.1,5.6,0.7,1.9,52.70%,29,55,0.45,1.8,5,0.87,2.4,0.96,1527,49.20%,5,May-00,100.00%,16.70%,30,16-14,53.30%,241,116-125,48.10%,1:49,39.8,47
98,Arthur Cazaux,17,11-Jun,35.30%,65.10%,62.80%,175,12.10%,51,3.50%,8.40%,57.80%,77.50%,48.20%,52.60%,86.00%,6.5,2.3,32.80%,32.90%,7.70%,3.50%,23.70%,47.90%,16.40%,6.2,2,31,56.4,37.90%,36,95,0.43,2,5.6,0.77,2.1,63.50%,54,85,0.38,1.8,5,0.66,1.8,0.94,2808,49.40%,13,10-Mar,23.10%,27.70%,47,18-29,38.30%,441,227-214,51.50%,2:05,45.2,45.4
99,Yannick Hanfmann,47,19-28,40.40%,61.50%,60.80%,204,5.80%,91,2.60%,7.90%,67.10%,67.20%,50.00%,54.30%,76.00%,6.5,2.5,35.30%,36.40%,8.50%,3.10%,27.40%,47.60%,17.40%,6.5,2.3,65,83.9,33.00%,93,282,0.53,2.5,6,0.81,2,59.70%,190,318,0.6,2.8,6.8,1.11,2.7,0.92,6967,48.40%,19,14-May,26.30%,16.50%,115,44-71,38.30%,1070,499-571,46.60%,1:52,45.8,45.4
100,Aslan Karatsev,24,13-Nov,45.80%,64.10%,65.90%,132,7.30%,116,6.40%,15.50%,59.00%,74.30%,49.60%,58.70%,80.40%,6.5,2.3,35.20%,36.10%,8.40%,3.20%,26.80%,49.90%,18.70%,6.3,2.2,47.5,57.8,37.80%,51,135,0.49,2.1,5.6,0.81,2.1,59.60%,81,136,0.48,2.2,5.7,0.87,2.3,0.98,3542,50.00%,12,5-Jul,58.30%,19.00%,63,31-32,49.20%,554,277-277,50.00%,1:56,44.3,47.3
